/*
Navicat MySQL Data Transfer

Source Server         : localhost
Source Server Version : 50718
Source Host           : 127.0.0.1:3306
Source Database       : moneysys

Target Server Type    : MYSQL
Target Server Version : 50718
File Encoding         : 65001

Date: 2017-05-20 15:59:21
*/

SET FOREIGN_KEY_CHECKS=0;

-- ----------------------------
-- Table structure for account_sys
-- ----------------------------
DROP TABLE IF EXISTS `account_sys`;
CREATE TABLE `account_sys` (
  `id` int(10) NOT NULL AUTO_INCREMENT,
  `bank_no` varchar(20) DEFAULT NULL COMMENT '银行账号',
  `bank_name` varchar(20) DEFAULT NULL COMMENT '银行名称',
  `open_person` varchar(255) DEFAULT NULL COMMENT '开户人',
  `open_user_id` varchar(20) DEFAULT NULL,
  `money_left` varchar(255) DEFAULT NULL COMMENT '存款',
  `open_date` datetime DEFAULT NULL COMMENT '开户日期',
  `status` int(2) DEFAULT NULL COMMENT '是否定期',
  PRIMARY KEY (`id`)
) ENGINE=InnoDB AUTO_INCREMENT=10 DEFAULT CHARSET=utf8;

-- ----------------------------
-- Records of account_sys
-- ----------------------------
INSERT INTO `account_sys` VALUES ('8', '3333', '333', '测试人员222', 'asd', '333', '2017-05-01 00:00:00', '0');
INSERT INTO `account_sys` VALUES ('9', '222', '222', '测试人员', 'demo', '22', '2017-05-29 00:00:00', '1');

-- ----------------------------
-- Table structure for choose_sys
-- ----------------------------
DROP TABLE IF EXISTS `choose_sys`;
CREATE TABLE `choose_sys` (
  `id` int(10) NOT NULL AUTO_INCREMENT,
  `pro_no` varchar(10) DEFAULT NULL COMMENT '项目编号',
  `pro_name` varchar(255) DEFAULT NULL COMMENT '项目名称',
  `choose_date` datetime DEFAULT NULL COMMENT '投资日期',
  `put_money` varchar(255) DEFAULT NULL COMMENT '投资资出',
  `in_money` varchar(255) DEFAULT NULL COMMENT '投资收入',
  `user_name` varchar(255) DEFAULT NULL COMMENT '投资人',
  PRIMARY KEY (`id`)
) ENGINE=InnoDB AUTO_INCREMENT=6 DEFAULT CHARSET=utf8;

-- ----------------------------
-- Records of choose_sys
-- ----------------------------
INSERT INTO `choose_sys` VALUES ('3', '100010', '1', '2017-05-18 21:44:54', '10000', '500', 'asd');
INSERT INTO `choose_sys` VALUES ('4', '100020', '2', '2017-05-18 23:22:41', '20000', '360', 'demo');
INSERT INTO `choose_sys` VALUES ('5', '100020', '2', '2017-05-19 11:41:16', '10000', '220', 'asd');

-- ----------------------------
-- Table structure for in_money
-- ----------------------------
DROP TABLE IF EXISTS `in_money`;
CREATE TABLE `in_money` (
  `id` int(10) NOT NULL AUTO_INCREMENT,
  `in_date` datetime DEFAULT NULL COMMENT '借出日期',
  `in_name` varchar(255) DEFAULT NULL COMMENT '收钱者姓名',
  `money` varchar(255) DEFAULT NULL COMMENT '金额',
  PRIMARY KEY (`id`)
) ENGINE=InnoDB DEFAULT CHARSET=utf8;

-- ----------------------------
-- Records of in_money
-- ----------------------------

-- ----------------------------
-- Table structure for in_money_sys
-- ----------------------------
DROP TABLE IF EXISTS `in_money_sys`;
CREATE TABLE `in_money_sys` (
  `id` int(10) NOT NULL AUTO_INCREMENT,
  `pro_no` varchar(10) DEFAULT NULL COMMENT '项目编号',
  `pro_name` varchar(255) DEFAULT NULL COMMENT '项目名称',
  `user_id` varchar(20) DEFAULT NULL,
  `user_name` varchar(255) DEFAULT NULL,
  `in_money` varchar(255) DEFAULT NULL,
  `date_time` datetime DEFAULT NULL,
  `status` int(2) DEFAULT NULL COMMENT '支出还是收入',
  PRIMARY KEY (`id`)
) ENGINE=InnoDB AUTO_INCREMENT=8 DEFAULT CHARSET=utf8;

-- ----------------------------
-- Records of in_money_sys
-- ----------------------------
INSERT INTO `in_money_sys` VALUES ('1', null, '充饭卡', 'asd', 'asd', '9', '2017-05-18 22:06:20', '1');
INSERT INTO `in_money_sys` VALUES ('2', null, '话费', 'asd', 'asd', '200', null, '1');
INSERT INTO `in_money_sys` VALUES ('3', null, '哈哈', 'asd', 'sss', '200', '2017-05-17 11:32:33', '0');
INSERT INTO `in_money_sys` VALUES ('4', null, '222', 'asd', 'ssss', '2222', '2017-05-18 16:28:13', '0');
INSERT INTO `in_money_sys` VALUES ('5', null, 'www', 'asd', 'asd', '222', '2017-05-18 17:27:35', '1');
INSERT INTO `in_money_sys` VALUES ('6', null, '测试收入', 'asd', 'asd', '2000', '2017-05-18 18:21:28', '0');
INSERT INTO `in_money_sys` VALUES ('7', null, '外卖收入', '测试人员', 'demo', '100', '2017-05-18 21:45:36', '0');

-- ----------------------------
-- Table structure for my_money
-- ----------------------------
DROP TABLE IF EXISTS `my_money`;
CREATE TABLE `my_money` (
  `id` int(10) NOT NULL AUTO_INCREMENT,
  `user_name` varchar(255) DEFAULT NULL,
  `user_id` varchar(20) DEFAULT NULL,
  `mymoney` int(10) DEFAULT NULL,
  `bankmoney` varchar(10) DEFAULT NULL COMMENT '银行资产',
  PRIMARY KEY (`id`)
) ENGINE=InnoDB AUTO_INCREMENT=6 DEFAULT CHARSET=utf8;

-- ----------------------------
-- Records of my_money
-- ----------------------------
INSERT INTO `my_money` VALUES ('1', 'asd', 'asd', '100119', null);
INSERT INTO `my_money` VALUES ('2', '123', '123', '10000', null);
INSERT INTO `my_money` VALUES ('5', 'demo', '测试人员', '771', null);

-- ----------------------------
-- Table structure for out_money
-- ----------------------------
DROP TABLE IF EXISTS `out_money`;
CREATE TABLE `out_money` (
  `id` int(10) NOT NULL AUTO_INCREMENT,
  `out_date` datetime DEFAULT NULL COMMENT '借出日期',
  `out_name` varchar(255) DEFAULT NULL COMMENT '收钱者姓名',
  `money` varchar(255) DEFAULT NULL COMMENT '金额',
  PRIMARY KEY (`id`)
) ENGINE=InnoDB DEFAULT CHARSET=utf8;

-- ----------------------------
-- Records of out_money
-- ----------------------------

-- ----------------------------
-- Table structure for out_money_sys
-- ----------------------------
DROP TABLE IF EXISTS `out_money_sys`;
CREATE TABLE `out_money_sys` (
  `id` int(10) NOT NULL AUTO_INCREMENT,
  `pro_no` varchar(10) DEFAULT NULL COMMENT '项目编号',
  `pro_name` varchar(255) DEFAULT NULL COMMENT '项目名称',
  `user_id` varchar(20) DEFAULT NULL,
  `user_name` varchar(255) DEFAULT NULL,
  `out_money` varchar(255) DEFAULT NULL,
  `date_time` datetime DEFAULT NULL,
  `stutas` varchar(10) DEFAULT NULL COMMENT '借入还是借出',
  PRIMARY KEY (`id`)
) ENGINE=InnoDB AUTO_INCREMENT=3 DEFAULT CHARSET=utf8;

-- ----------------------------
-- Records of out_money_sys
-- ----------------------------
INSERT INTO `out_money_sys` VALUES ('1', 'demo', '测试人员', 'asd', '测试人员222', '22', null, '0');
INSERT INTO `out_money_sys` VALUES ('2', 'asd', '测试人员222', 'demo', '测试人员', '333', '2017-05-20 15:56:04', '0');

-- ----------------------------
-- Table structure for person
-- ----------------------------
DROP TABLE IF EXISTS `person`;
CREATE TABLE `person` (
  `id` int(10) NOT NULL AUTO_INCREMENT,
  `user_name` varchar(255) NOT NULL,
  `person_name` varchar(255) DEFAULT NULL COMMENT '姓名',
  `user_pass` varchar(255) DEFAULT NULL,
  `chenghu` varchar(255) DEFAULT NULL COMMENT '称呼',
  `bron_date` datetime DEFAULT NULL COMMENT '出生日期',
  `level` int(10) DEFAULT '0' COMMENT '家庭等级',
  `family_code` varchar(255) DEFAULT NULL COMMENT '家庭代码',
  `isleaf` int(1) DEFAULT '0' COMMENT '是否是子节点',
  PRIMARY KEY (`id`)
) ENGINE=InnoDB AUTO_INCREMENT=3 DEFAULT CHARSET=utf8;

-- ----------------------------
-- Records of person
-- ----------------------------
INSERT INTO `person` VALUES ('1', 'asd', '测试人员222', 'asd', '123', null, null, 'admin', null);
INSERT INTO `person` VALUES ('2', 'demo', '测试人员', null, '134123321112', null, null, 'admin', null);

-- ----------------------------
-- Table structure for project
-- ----------------------------
DROP TABLE IF EXISTS `project`;
CREATE TABLE `project` (
  `id` int(10) NOT NULL AUTO_INCREMENT,
  `pro_no` varchar(20) DEFAULT NULL COMMENT '项目编号',
  `pro_name` varchar(255) DEFAULT NULL COMMENT '项目名称',
  `in_cash` varchar(255) DEFAULT NULL COMMENT '每月收入',
  `input` varchar(255) DEFAULT NULL COMMENT '需要投资数',
  PRIMARY KEY (`id`)
) ENGINE=InnoDB AUTO_INCREMENT=3 DEFAULT CHARSET=utf8;

-- ----------------------------
-- Records of project
-- ----------------------------
INSERT INTO `project` VALUES ('1', '100010', '绿城房产', '100', '10000');
INSERT INTO `project` VALUES ('2', '100020', '万科房产', '120', '20000');

-- ----------------------------
-- Table structure for qrtz_blob_triggers
-- ----------------------------
DROP TABLE IF EXISTS `qrtz_blob_triggers`;
CREATE TABLE `qrtz_blob_triggers` (
  `SCHED_NAME` varchar(120) NOT NULL,
  `TRIGGER_NAME` varchar(200) NOT NULL,
  `TRIGGER_GROUP` varchar(200) NOT NULL,
  `BLOB_DATA` blob,
  PRIMARY KEY (`SCHED_NAME`,`TRIGGER_NAME`,`TRIGGER_GROUP`),
  KEY `SCHED_NAME` (`SCHED_NAME`,`TRIGGER_NAME`,`TRIGGER_GROUP`),
  CONSTRAINT `qrtz_blob_triggers_ibfk_1` FOREIGN KEY (`SCHED_NAME`, `TRIGGER_NAME`, `TRIGGER_GROUP`) REFERENCES `qrtz_triggers` (`SCHED_NAME`, `TRIGGER_NAME`, `TRIGGER_GROUP`)
) ENGINE=InnoDB DEFAULT CHARSET=utf8;

-- ----------------------------
-- Records of qrtz_blob_triggers
-- ----------------------------

-- ----------------------------
-- Table structure for qrtz_calendars
-- ----------------------------
DROP TABLE IF EXISTS `qrtz_calendars`;
CREATE TABLE `qrtz_calendars` (
  `SCHED_NAME` varchar(120) NOT NULL,
  `CALENDAR_NAME` varchar(200) NOT NULL,
  `CALENDAR` blob NOT NULL,
  PRIMARY KEY (`SCHED_NAME`,`CALENDAR_NAME`)
) ENGINE=InnoDB DEFAULT CHARSET=utf8;

-- ----------------------------
-- Records of qrtz_calendars
-- ----------------------------

-- ----------------------------
-- Table structure for qrtz_cron_triggers
-- ----------------------------
DROP TABLE IF EXISTS `qrtz_cron_triggers`;
CREATE TABLE `qrtz_cron_triggers` (
  `SCHED_NAME` varchar(120) NOT NULL,
  `TRIGGER_NAME` varchar(200) NOT NULL,
  `TRIGGER_GROUP` varchar(200) NOT NULL,
  `CRON_EXPRESSION` varchar(120) NOT NULL,
  `TIME_ZONE_ID` varchar(80) DEFAULT NULL,
  PRIMARY KEY (`SCHED_NAME`,`TRIGGER_NAME`,`TRIGGER_GROUP`),
  CONSTRAINT `qrtz_cron_triggers_ibfk_1` FOREIGN KEY (`SCHED_NAME`, `TRIGGER_NAME`, `TRIGGER_GROUP`) REFERENCES `qrtz_triggers` (`SCHED_NAME`, `TRIGGER_NAME`, `TRIGGER_GROUP`)
) ENGINE=InnoDB DEFAULT CHARSET=utf8;

-- ----------------------------
-- Records of qrtz_cron_triggers
-- ----------------------------
INSERT INTO `qrtz_cron_triggers` VALUES ('RenrenScheduler', 'TASK_1', 'DEFAULT', '0 0/30 * * * ?', 'Asia/Shanghai');
INSERT INTO `qrtz_cron_triggers` VALUES ('RenrenScheduler', 'TASK_2', 'DEFAULT', '0 0/30 * * * ?', 'Asia/Shanghai');
INSERT INTO `qrtz_cron_triggers` VALUES ('RenrenScheduler', 'TASK_4', 'DEFAULT', '0 0/1 * * * ? *', 'Asia/Shanghai');
INSERT INTO `qrtz_cron_triggers` VALUES ('RenrenScheduler', 'TASK_5', 'DEFAULT', '0 0/1 * * * ? *', 'Asia/Shanghai');

-- ----------------------------
-- Table structure for qrtz_fired_triggers
-- ----------------------------
DROP TABLE IF EXISTS `qrtz_fired_triggers`;
CREATE TABLE `qrtz_fired_triggers` (
  `SCHED_NAME` varchar(120) NOT NULL,
  `ENTRY_ID` varchar(95) NOT NULL,
  `TRIGGER_NAME` varchar(200) NOT NULL,
  `TRIGGER_GROUP` varchar(200) NOT NULL,
  `INSTANCE_NAME` varchar(200) NOT NULL,
  `FIRED_TIME` bigint(13) NOT NULL,
  `SCHED_TIME` bigint(13) NOT NULL,
  `PRIORITY` int(11) NOT NULL,
  `STATE` varchar(16) NOT NULL,
  `JOB_NAME` varchar(200) DEFAULT NULL,
  `JOB_GROUP` varchar(200) DEFAULT NULL,
  `IS_NONCONCURRENT` varchar(1) DEFAULT NULL,
  `REQUESTS_RECOVERY` varchar(1) DEFAULT NULL,
  PRIMARY KEY (`SCHED_NAME`,`ENTRY_ID`),
  KEY `IDX_QRTZ_FT_TRIG_INST_NAME` (`SCHED_NAME`,`INSTANCE_NAME`),
  KEY `IDX_QRTZ_FT_INST_JOB_REQ_RCVRY` (`SCHED_NAME`,`INSTANCE_NAME`,`REQUESTS_RECOVERY`),
  KEY `IDX_QRTZ_FT_J_G` (`SCHED_NAME`,`JOB_NAME`,`JOB_GROUP`),
  KEY `IDX_QRTZ_FT_JG` (`SCHED_NAME`,`JOB_GROUP`),
  KEY `IDX_QRTZ_FT_T_G` (`SCHED_NAME`,`TRIGGER_NAME`,`TRIGGER_GROUP`),
  KEY `IDX_QRTZ_FT_TG` (`SCHED_NAME`,`TRIGGER_GROUP`)
) ENGINE=InnoDB DEFAULT CHARSET=utf8;

-- ----------------------------
-- Records of qrtz_fired_triggers
-- ----------------------------

-- ----------------------------
-- Table structure for qrtz_job_details
-- ----------------------------
DROP TABLE IF EXISTS `qrtz_job_details`;
CREATE TABLE `qrtz_job_details` (
  `SCHED_NAME` varchar(120) NOT NULL,
  `JOB_NAME` varchar(200) NOT NULL,
  `JOB_GROUP` varchar(200) NOT NULL,
  `DESCRIPTION` varchar(250) DEFAULT NULL,
  `JOB_CLASS_NAME` varchar(250) NOT NULL,
  `IS_DURABLE` varchar(1) NOT NULL,
  `IS_NONCONCURRENT` varchar(1) NOT NULL,
  `IS_UPDATE_DATA` varchar(1) NOT NULL,
  `REQUESTS_RECOVERY` varchar(1) NOT NULL,
  `JOB_DATA` blob,
  PRIMARY KEY (`SCHED_NAME`,`JOB_NAME`,`JOB_GROUP`),
  KEY `IDX_QRTZ_J_REQ_RECOVERY` (`SCHED_NAME`,`REQUESTS_RECOVERY`),
  KEY `IDX_QRTZ_J_GRP` (`SCHED_NAME`,`JOB_GROUP`)
) ENGINE=InnoDB DEFAULT CHARSET=utf8;

-- ----------------------------
-- Records of qrtz_job_details
-- ----------------------------
INSERT INTO `qrtz_job_details` VALUES ('RenrenScheduler', 'TASK_1', 'DEFAULT', null, 'io.renren.utils.ScheduleJob', '0', '0', '0', '0', 0xACED0005737200156F72672E71756172747A2E4A6F62446174614D61709FB083E8BFA9B0CB020000787200266F72672E71756172747A2E7574696C732E537472696E674B65794469727479466C61674D61708208E8C3FBC55D280200015A0013616C6C6F77735472616E7369656E74446174617872001D6F72672E71756172747A2E7574696C732E4469727479466C61674D617013E62EAD28760ACE0200025A000564697274794C00036D617074000F4C6A6176612F7574696C2F4D61703B787001737200116A6176612E7574696C2E486173684D61700507DAC1C31660D103000246000A6C6F6164466163746F724900097468726573686F6C6478703F4000000000000C7708000000100000000174000D4A4F425F504152414D5F4B455973720022696F2E72656E72656E2E656E746974792E5363686564756C654A6F62456E7469747900000000000000010200084C00086265616E4E616D657400124C6A6176612F6C616E672F537472696E673B4C000A63726561746554696D657400104C6A6176612F7574696C2F446174653B4C000E63726F6E45787072657373696F6E71007E00094C00056A6F6249647400104C6A6176612F6C616E672F4C6F6E673B4C000A6D6574686F644E616D6571007E00094C0006706172616D7371007E00094C000672656D61726B71007E00094C00067374617475737400134C6A6176612F6C616E672F496E74656765723B7870740008746573745461736B7372000E6A6176612E7574696C2E44617465686A81014B5974190300007870770800000158BAF593307874000E3020302F3330202A202A202A203F7372000E6A6176612E6C616E672E4C6F6E673B8BE490CC8F23DF0200014A000576616C7565787200106A6176612E6C616E672E4E756D62657286AC951D0B94E08B020000787000000000000000017400047465737474000672656E72656E74000FE69C89E58F82E695B0E6B58BE8AF95737200116A6176612E6C616E672E496E746567657212E2A0A4F781873802000149000576616C75657871007E0013000000007800);
INSERT INTO `qrtz_job_details` VALUES ('RenrenScheduler', 'TASK_2', 'DEFAULT', null, 'io.renren.utils.ScheduleJob', '0', '0', '0', '0', 0xACED0005737200156F72672E71756172747A2E4A6F62446174614D61709FB083E8BFA9B0CB020000787200266F72672E71756172747A2E7574696C732E537472696E674B65794469727479466C61674D61708208E8C3FBC55D280200015A0013616C6C6F77735472616E7369656E74446174617872001D6F72672E71756172747A2E7574696C732E4469727479466C61674D617013E62EAD28760ACE0200025A000564697274794C00036D617074000F4C6A6176612F7574696C2F4D61703B787001737200116A6176612E7574696C2E486173684D61700507DAC1C31660D103000246000A6C6F6164466163746F724900097468726573686F6C6478703F4000000000000C7708000000100000000174000D4A4F425F504152414D5F4B455973720022696F2E72656E72656E2E656E746974792E5363686564756C654A6F62456E7469747900000000000000010200084C00086265616E4E616D657400124C6A6176612F6C616E672F537472696E673B4C000A63726561746554696D657400104C6A6176612F7574696C2F446174653B4C000E63726F6E45787072657373696F6E71007E00094C00056A6F6249647400104C6A6176612F6C616E672F4C6F6E673B4C000A6D6574686F644E616D6571007E00094C0006706172616D7371007E00094C000672656D61726B71007E00094C00067374617475737400134C6A6176612F6C616E672F496E74656765723B7870740008746573745461736B7372000E6A6176612E7574696C2E44617465686A81014B5974190300007870770800000158C377C4607874000E3020302F3330202A202A202A203F7372000E6A6176612E6C616E672E4C6F6E673B8BE490CC8F23DF0200014A000576616C7565787200106A6176612E6C616E672E4E756D62657286AC951D0B94E08B0200007870000000000000000274000574657374327074000FE697A0E58F82E695B0E6B58BE8AF95737200116A6176612E6C616E672E496E746567657212E2A0A4F781873802000149000576616C75657871007E0013000000017800);
INSERT INTO `qrtz_job_details` VALUES ('RenrenScheduler', 'TASK_4', 'DEFAULT', null, 'io.renren.utils.ScheduleJob', '0', '0', '0', '0', 0xACED0005737200156F72672E71756172747A2E4A6F62446174614D61709FB083E8BFA9B0CB020000787200266F72672E71756172747A2E7574696C732E537472696E674B65794469727479466C61674D61708208E8C3FBC55D280200015A0013616C6C6F77735472616E7369656E74446174617872001D6F72672E71756172747A2E7574696C732E4469727479466C61674D617013E62EAD28760ACE0200025A000564697274794C00036D617074000F4C6A6176612F7574696C2F4D61703B787001737200116A6176612E7574696C2E486173684D61700507DAC1C31660D103000246000A6C6F6164466163746F724900097468726573686F6C6478703F4000000000000C7708000000100000000174000D4A4F425F504152414D5F4B455973720022696F2E72656E72656E2E656E746974792E5363686564756C654A6F62456E7469747900000000000000010200084C00086265616E4E616D657400124C6A6176612F6C616E672F537472696E673B4C000A63726561746554696D657400104C6A6176612F7574696C2F446174653B4C000E63726F6E45787072657373696F6E71007E00094C00056A6F6249647400104C6A6176612F6C616E672F4C6F6E673B4C000A6D6574686F644E616D6571007E00094C0006706172616D7371007E00094C000672656D61726B71007E00094C00067374617475737400134C6A6176612F6C616E672F496E74656765723B787074000A496E766573745461736B7372000E6A6176612E7574696C2E44617465686A81014B597419030000787077080000015C1C1781A37874000D30202A202A202A202A203F202A7372000E6A6176612E6C616E672E4C6F6E673B8BE490CC8F23DF0200014A000576616C7565787200106A6176612E6C616E672E4E756D62657286AC951D0B94E08B0200007870000000000000000474000770726F6A6563747070737200116A6176612E6C616E672E496E746567657212E2A0A4F781873802000149000576616C75657871007E0013000000007800);
INSERT INTO `qrtz_job_details` VALUES ('RenrenScheduler', 'TASK_5', 'DEFAULT', null, 'io.renren.utils.ScheduleJob', '0', '0', '0', '0', 0xACED0005737200156F72672E71756172747A2E4A6F62446174614D61709FB083E8BFA9B0CB020000787200266F72672E71756172747A2E7574696C732E537472696E674B65794469727479466C61674D61708208E8C3FBC55D280200015A0013616C6C6F77735472616E7369656E74446174617872001D6F72672E71756172747A2E7574696C732E4469727479466C61674D617013E62EAD28760ACE0200025A000564697274794C00036D617074000F4C6A6176612F7574696C2F4D61703B787001737200116A6176612E7574696C2E486173684D61700507DAC1C31660D103000246000A6C6F6164466163746F724900097468726573686F6C6478703F4000000000000C7708000000100000000174000D4A4F425F504152414D5F4B455973720022696F2E72656E72656E2E656E746974792E5363686564756C654A6F62456E7469747900000000000000010200084C00086265616E4E616D657400124C6A6176612F6C616E672F537472696E673B4C000A63726561746554696D657400104C6A6176612F7574696C2F446174653B4C000E63726F6E45787072657373696F6E71007E00094C00056A6F6249647400104C6A6176612F6C616E672F4C6F6E673B4C000A6D6574686F644E616D6571007E00094C0006706172616D7371007E00094C000672656D61726B71007E00094C00067374617475737400134C6A6176612F6C616E672F496E74656765723B787074000A496E766573745461736B7372000E6A6176612E7574696C2E44617465686A81014B597419030000787077080000015C1EC826D27874000F3020302F31202A202A202A203F202A7372000E6A6176612E6C616E672E4C6F6E673B8BE490CC8F23DF0200014A000576616C7565787200106A6176612E6C616E672E4E756D62657286AC951D0B94E08B0200007870000000000000000574000A616C6C50726F6A6563747074003DE68980E69C89E68A95E8B584E9A1B9E79BAEE58886E7BAA2E4BBBBE58AA120E5AE9AE697B6E4B8BAE6AF8FE58886E9929FE689A7E8A18CE4B880E6ACA1737200116A6176612E6C616E672E496E746567657212E2A0A4F781873802000149000576616C75657871007E0013000000007800);

-- ----------------------------
-- Table structure for qrtz_locks
-- ----------------------------
DROP TABLE IF EXISTS `qrtz_locks`;
CREATE TABLE `qrtz_locks` (
  `SCHED_NAME` varchar(120) NOT NULL,
  `LOCK_NAME` varchar(40) NOT NULL,
  PRIMARY KEY (`SCHED_NAME`,`LOCK_NAME`)
) ENGINE=InnoDB DEFAULT CHARSET=utf8;

-- ----------------------------
-- Records of qrtz_locks
-- ----------------------------
INSERT INTO `qrtz_locks` VALUES ('RenrenScheduler', 'STATE_ACCESS');
INSERT INTO `qrtz_locks` VALUES ('RenrenScheduler', 'TRIGGER_ACCESS');

-- ----------------------------
-- Table structure for qrtz_paused_trigger_grps
-- ----------------------------
DROP TABLE IF EXISTS `qrtz_paused_trigger_grps`;
CREATE TABLE `qrtz_paused_trigger_grps` (
  `SCHED_NAME` varchar(120) NOT NULL,
  `TRIGGER_GROUP` varchar(200) NOT NULL,
  PRIMARY KEY (`SCHED_NAME`,`TRIGGER_GROUP`)
) ENGINE=InnoDB DEFAULT CHARSET=utf8;

-- ----------------------------
-- Records of qrtz_paused_trigger_grps
-- ----------------------------

-- ----------------------------
-- Table structure for qrtz_scheduler_state
-- ----------------------------
DROP TABLE IF EXISTS `qrtz_scheduler_state`;
CREATE TABLE `qrtz_scheduler_state` (
  `SCHED_NAME` varchar(120) NOT NULL,
  `INSTANCE_NAME` varchar(200) NOT NULL,
  `LAST_CHECKIN_TIME` bigint(13) NOT NULL,
  `CHECKIN_INTERVAL` bigint(13) NOT NULL,
  PRIMARY KEY (`SCHED_NAME`,`INSTANCE_NAME`)
) ENGINE=InnoDB DEFAULT CHARSET=utf8;

-- ----------------------------
-- Records of qrtz_scheduler_state
-- ----------------------------
INSERT INTO `qrtz_scheduler_state` VALUES ('RenrenScheduler', 'Mi_amor1495266629474', '1495267069836', '15000');

-- ----------------------------
-- Table structure for qrtz_simple_triggers
-- ----------------------------
DROP TABLE IF EXISTS `qrtz_simple_triggers`;
CREATE TABLE `qrtz_simple_triggers` (
  `SCHED_NAME` varchar(120) NOT NULL,
  `TRIGGER_NAME` varchar(200) NOT NULL,
  `TRIGGER_GROUP` varchar(200) NOT NULL,
  `REPEAT_COUNT` bigint(7) NOT NULL,
  `REPEAT_INTERVAL` bigint(12) NOT NULL,
  `TIMES_TRIGGERED` bigint(10) NOT NULL,
  PRIMARY KEY (`SCHED_NAME`,`TRIGGER_NAME`,`TRIGGER_GROUP`),
  CONSTRAINT `qrtz_simple_triggers_ibfk_1` FOREIGN KEY (`SCHED_NAME`, `TRIGGER_NAME`, `TRIGGER_GROUP`) REFERENCES `qrtz_triggers` (`SCHED_NAME`, `TRIGGER_NAME`, `TRIGGER_GROUP`)
) ENGINE=InnoDB DEFAULT CHARSET=utf8;

-- ----------------------------
-- Records of qrtz_simple_triggers
-- ----------------------------

-- ----------------------------
-- Table structure for qrtz_simprop_triggers
-- ----------------------------
DROP TABLE IF EXISTS `qrtz_simprop_triggers`;
CREATE TABLE `qrtz_simprop_triggers` (
  `SCHED_NAME` varchar(120) NOT NULL,
  `TRIGGER_NAME` varchar(200) NOT NULL,
  `TRIGGER_GROUP` varchar(200) NOT NULL,
  `STR_PROP_1` varchar(512) DEFAULT NULL,
  `STR_PROP_2` varchar(512) DEFAULT NULL,
  `STR_PROP_3` varchar(512) DEFAULT NULL,
  `INT_PROP_1` int(11) DEFAULT NULL,
  `INT_PROP_2` int(11) DEFAULT NULL,
  `LONG_PROP_1` bigint(20) DEFAULT NULL,
  `LONG_PROP_2` bigint(20) DEFAULT NULL,
  `DEC_PROP_1` decimal(13,4) DEFAULT NULL,
  `DEC_PROP_2` decimal(13,4) DEFAULT NULL,
  `BOOL_PROP_1` varchar(1) DEFAULT NULL,
  `BOOL_PROP_2` varchar(1) DEFAULT NULL,
  PRIMARY KEY (`SCHED_NAME`,`TRIGGER_NAME`,`TRIGGER_GROUP`),
  CONSTRAINT `qrtz_simprop_triggers_ibfk_1` FOREIGN KEY (`SCHED_NAME`, `TRIGGER_NAME`, `TRIGGER_GROUP`) REFERENCES `qrtz_triggers` (`SCHED_NAME`, `TRIGGER_NAME`, `TRIGGER_GROUP`)
) ENGINE=InnoDB DEFAULT CHARSET=utf8;

-- ----------------------------
-- Records of qrtz_simprop_triggers
-- ----------------------------

-- ----------------------------
-- Table structure for qrtz_triggers
-- ----------------------------
DROP TABLE IF EXISTS `qrtz_triggers`;
CREATE TABLE `qrtz_triggers` (
  `SCHED_NAME` varchar(120) NOT NULL,
  `TRIGGER_NAME` varchar(200) NOT NULL,
  `TRIGGER_GROUP` varchar(200) NOT NULL,
  `JOB_NAME` varchar(200) NOT NULL,
  `JOB_GROUP` varchar(200) NOT NULL,
  `DESCRIPTION` varchar(250) DEFAULT NULL,
  `NEXT_FIRE_TIME` bigint(13) DEFAULT NULL,
  `PREV_FIRE_TIME` bigint(13) DEFAULT NULL,
  `PRIORITY` int(11) DEFAULT NULL,
  `TRIGGER_STATE` varchar(16) NOT NULL,
  `TRIGGER_TYPE` varchar(8) NOT NULL,
  `START_TIME` bigint(13) NOT NULL,
  `END_TIME` bigint(13) DEFAULT NULL,
  `CALENDAR_NAME` varchar(200) DEFAULT NULL,
  `MISFIRE_INSTR` smallint(2) DEFAULT NULL,
  `JOB_DATA` blob,
  PRIMARY KEY (`SCHED_NAME`,`TRIGGER_NAME`,`TRIGGER_GROUP`),
  KEY `IDX_QRTZ_T_J` (`SCHED_NAME`,`JOB_NAME`,`JOB_GROUP`),
  KEY `IDX_QRTZ_T_JG` (`SCHED_NAME`,`JOB_GROUP`),
  KEY `IDX_QRTZ_T_C` (`SCHED_NAME`,`CALENDAR_NAME`),
  KEY `IDX_QRTZ_T_G` (`SCHED_NAME`,`TRIGGER_GROUP`),
  KEY `IDX_QRTZ_T_STATE` (`SCHED_NAME`,`TRIGGER_STATE`),
  KEY `IDX_QRTZ_T_N_STATE` (`SCHED_NAME`,`TRIGGER_NAME`,`TRIGGER_GROUP`,`TRIGGER_STATE`),
  KEY `IDX_QRTZ_T_N_G_STATE` (`SCHED_NAME`,`TRIGGER_GROUP`,`TRIGGER_STATE`),
  KEY `IDX_QRTZ_T_NEXT_FIRE_TIME` (`SCHED_NAME`,`NEXT_FIRE_TIME`),
  KEY `IDX_QRTZ_T_NFT_ST` (`SCHED_NAME`,`TRIGGER_STATE`,`NEXT_FIRE_TIME`),
  KEY `IDX_QRTZ_T_NFT_MISFIRE` (`SCHED_NAME`,`MISFIRE_INSTR`,`NEXT_FIRE_TIME`),
  KEY `IDX_QRTZ_T_NFT_ST_MISFIRE` (`SCHED_NAME`,`MISFIRE_INSTR`,`NEXT_FIRE_TIME`,`TRIGGER_STATE`),
  KEY `IDX_QRTZ_T_NFT_ST_MISFIRE_GRP` (`SCHED_NAME`,`MISFIRE_INSTR`,`NEXT_FIRE_TIME`,`TRIGGER_GROUP`,`TRIGGER_STATE`),
  CONSTRAINT `qrtz_triggers_ibfk_1` FOREIGN KEY (`SCHED_NAME`, `JOB_NAME`, `JOB_GROUP`) REFERENCES `qrtz_job_details` (`SCHED_NAME`, `JOB_NAME`, `JOB_GROUP`)
) ENGINE=InnoDB DEFAULT CHARSET=utf8;

-- ----------------------------
-- Records of qrtz_triggers
-- ----------------------------
INSERT INTO `qrtz_triggers` VALUES ('RenrenScheduler', 'TASK_1', 'DEFAULT', 'TASK_1', 'DEFAULT', null, '1483630200000', '-1', '5', 'PAUSED', 'CRON', '1483629801000', '0', null, '0', 0xACED0005737200156F72672E71756172747A2E4A6F62446174614D61709FB083E8BFA9B0CB020000787200266F72672E71756172747A2E7574696C732E537472696E674B65794469727479466C61674D61708208E8C3FBC55D280200015A0013616C6C6F77735472616E7369656E74446174617872001D6F72672E71756172747A2E7574696C732E4469727479466C61674D617013E62EAD28760ACE0200025A000564697274794C00036D617074000F4C6A6176612F7574696C2F4D61703B787001737200116A6176612E7574696C2E486173684D61700507DAC1C31660D103000246000A6C6F6164466163746F724900097468726573686F6C6478703F4000000000000C7708000000100000000174000D4A4F425F504152414D5F4B455973720022696F2E72656E72656E2E656E746974792E5363686564756C654A6F62456E7469747900000000000000010200084C00086265616E4E616D657400124C6A6176612F6C616E672F537472696E673B4C000A63726561746554696D657400104C6A6176612F7574696C2F446174653B4C000E63726F6E45787072657373696F6E71007E00094C00056A6F6249647400104C6A6176612F6C616E672F4C6F6E673B4C000A6D6574686F644E616D6571007E00094C0006706172616D7371007E00094C000672656D61726B71007E00094C00067374617475737400134C6A6176612F6C616E672F496E74656765723B7870740008746573745461736B7372000E6A6176612E7574696C2E44617465686A81014B5974190300007870770800000158BAF593307874000E3020302F3330202A202A202A203F7372000E6A6176612E6C616E672E4C6F6E673B8BE490CC8F23DF0200014A000576616C7565787200106A6176612E6C616E672E4E756D62657286AC951D0B94E08B020000787000000000000000017400047465737474000672656E72656E74000FE69C89E58F82E695B0E6B58BE8AF95737200116A6176612E6C616E672E496E746567657212E2A0A4F781873802000149000576616C75657871007E0013000000017800);
INSERT INTO `qrtz_triggers` VALUES ('RenrenScheduler', 'TASK_2', 'DEFAULT', 'TASK_2', 'DEFAULT', null, '1483630200000', '-1', '5', 'PAUSED', 'CRON', '1483629801000', '0', null, '0', 0xACED0005737200156F72672E71756172747A2E4A6F62446174614D61709FB083E8BFA9B0CB020000787200266F72672E71756172747A2E7574696C732E537472696E674B65794469727479466C61674D61708208E8C3FBC55D280200015A0013616C6C6F77735472616E7369656E74446174617872001D6F72672E71756172747A2E7574696C732E4469727479466C61674D617013E62EAD28760ACE0200025A000564697274794C00036D617074000F4C6A6176612F7574696C2F4D61703B787001737200116A6176612E7574696C2E486173684D61700507DAC1C31660D103000246000A6C6F6164466163746F724900097468726573686F6C6478703F4000000000000C7708000000100000000174000D4A4F425F504152414D5F4B455973720022696F2E72656E72656E2E656E746974792E5363686564756C654A6F62456E7469747900000000000000010200084C00086265616E4E616D657400124C6A6176612F6C616E672F537472696E673B4C000A63726561746554696D657400104C6A6176612F7574696C2F446174653B4C000E63726F6E45787072657373696F6E71007E00094C00056A6F6249647400104C6A6176612F6C616E672F4C6F6E673B4C000A6D6574686F644E616D6571007E00094C0006706172616D7371007E00094C000672656D61726B71007E00094C00067374617475737400134C6A6176612F6C616E672F496E74656765723B7870740008746573745461736B7372000E6A6176612E7574696C2E44617465686A81014B5974190300007870770800000158C377C4607874000E3020302F3330202A202A202A203F7372000E6A6176612E6C616E672E4C6F6E673B8BE490CC8F23DF0200014A000576616C7565787200106A6176612E6C616E672E4E756D62657286AC951D0B94E08B0200007870000000000000000274000574657374327074000FE697A0E58F82E695B0E6B58BE8AF95737200116A6176612E6C616E672E496E746567657212E2A0A4F781873802000149000576616C75657871007E0013000000017800);
INSERT INTO `qrtz_triggers` VALUES ('RenrenScheduler', 'TASK_4', 'DEFAULT', 'TASK_4', 'DEFAULT', null, '1495119960000', '-1', '5', 'PAUSED', 'CRON', '1495119921000', '0', null, '0', 0xACED0005737200156F72672E71756172747A2E4A6F62446174614D61709FB083E8BFA9B0CB020000787200266F72672E71756172747A2E7574696C732E537472696E674B65794469727479466C61674D61708208E8C3FBC55D280200015A0013616C6C6F77735472616E7369656E74446174617872001D6F72672E71756172747A2E7574696C732E4469727479466C61674D617013E62EAD28760ACE0200025A000564697274794C00036D617074000F4C6A6176612F7574696C2F4D61703B787001737200116A6176612E7574696C2E486173684D61700507DAC1C31660D103000246000A6C6F6164466163746F724900097468726573686F6C6478703F4000000000000C7708000000100000000174000D4A4F425F504152414D5F4B455973720022696F2E72656E72656E2E656E746974792E5363686564756C654A6F62456E7469747900000000000000010200084C00086265616E4E616D657400124C6A6176612F6C616E672F537472696E673B4C000A63726561746554696D657400104C6A6176612F7574696C2F446174653B4C000E63726F6E45787072657373696F6E71007E00094C00056A6F6249647400104C6A6176612F6C616E672F4C6F6E673B4C000A6D6574686F644E616D6571007E00094C0006706172616D7371007E00094C000672656D61726B71007E00094C00067374617475737400134C6A6176612F6C616E672F496E74656765723B787074000A496E766573745461736B7372000E6A6176612E7574696C2E44617465686A81014B597419030000787077080000015C1C1783507874000F3020302F31202A202A202A203F202A7372000E6A6176612E6C616E672E4C6F6E673B8BE490CC8F23DF0200014A000576616C7565787200106A6176612E6C616E672E4E756D62657286AC951D0B94E08B0200007870000000000000000474000770726F6A65637474000631303030313074003FE9A1B9E79BAEE58886E7BAA2E5AE9AE697B6E4BBBBE58AA1E38082E58F82E695B0E4B8BAE68A95E8B584E9A1B9E79BAEE7BC96E58FB7EFBC8CE5BF85E5A1AB737200116A6176612E6C616E672E496E746567657212E2A0A4F781873802000149000576616C75657871007E0013000000017800);
INSERT INTO `qrtz_triggers` VALUES ('RenrenScheduler', 'TASK_5', 'DEFAULT', 'TASK_5', 'DEFAULT', null, '1495165080000', '-1', '5', 'PAUSED', 'CRON', '1495165052000', '0', null, '0', 0xACED0005737200156F72672E71756172747A2E4A6F62446174614D61709FB083E8BFA9B0CB020000787200266F72672E71756172747A2E7574696C732E537472696E674B65794469727479466C61674D61708208E8C3FBC55D280200015A0013616C6C6F77735472616E7369656E74446174617872001D6F72672E71756172747A2E7574696C732E4469727479466C61674D617013E62EAD28760ACE0200025A000564697274794C00036D617074000F4C6A6176612F7574696C2F4D61703B787001737200116A6176612E7574696C2E486173684D61700507DAC1C31660D103000246000A6C6F6164466163746F724900097468726573686F6C6478703F4000000000000C7708000000100000000174000D4A4F425F504152414D5F4B455973720022696F2E72656E72656E2E656E746974792E5363686564756C654A6F62456E7469747900000000000000010200084C00086265616E4E616D657400124C6A6176612F6C616E672F537472696E673B4C000A63726561746554696D657400104C6A6176612F7574696C2F446174653B4C000E63726F6E45787072657373696F6E71007E00094C00056A6F6249647400104C6A6176612F6C616E672F4C6F6E673B4C000A6D6574686F644E616D6571007E00094C0006706172616D7371007E00094C000672656D61726B71007E00094C00067374617475737400134C6A6176612F6C616E672F496E74656765723B787074000A496E766573745461736B7372000E6A6176612E7574696C2E44617465686A81014B597419030000787077080000015C1EC828487874000F3020302F31202A202A202A203F202A7372000E6A6176612E6C616E672E4C6F6E673B8BE490CC8F23DF0200014A000576616C7565787200106A6176612E6C616E672E4E756D62657286AC951D0B94E08B0200007870000000000000000574000A616C6C50726F6A6563747074003DE68980E69C89E68A95E8B584E9A1B9E79BAEE58886E7BAA2E4BBBBE58AA120E5AE9AE697B6E4B8BAE6AF8FE58886E9929FE689A7E8A18CE4B880E6ACA1737200116A6176612E6C616E672E496E746567657212E2A0A4F781873802000149000576616C75657871007E0013000000017800);

-- ----------------------------
-- Table structure for schedule_job
-- ----------------------------
DROP TABLE IF EXISTS `schedule_job`;
CREATE TABLE `schedule_job` (
  `job_id` bigint(20) NOT NULL AUTO_INCREMENT COMMENT '任务id',
  `bean_name` varchar(200) DEFAULT NULL COMMENT 'spring bean名称',
  `method_name` varchar(100) DEFAULT NULL COMMENT '方法名',
  `params` varchar(2000) DEFAULT NULL COMMENT '参数',
  `cron_expression` varchar(100) DEFAULT NULL COMMENT 'cron表达式',
  `status` tinyint(4) DEFAULT NULL COMMENT '任务状态',
  `remark` varchar(255) DEFAULT NULL COMMENT '备注',
  `create_time` datetime DEFAULT NULL COMMENT '创建时间',
  PRIMARY KEY (`job_id`)
) ENGINE=InnoDB AUTO_INCREMENT=6 DEFAULT CHARSET=utf8 COMMENT='定时任务';

-- ----------------------------
-- Records of schedule_job
-- ----------------------------
INSERT INTO `schedule_job` VALUES ('1', 'testTask', 'test', 'renren', '0 0/30 * * * ?', '1', '有参数测试', '2016-12-01 23:16:46');
INSERT INTO `schedule_job` VALUES ('2', 'testTask', 'test2', null, '0 0/30 * * * ?', '1', '无参数测试', '2016-12-03 14:55:56');
INSERT INTO `schedule_job` VALUES ('4', 'InvestTask', 'project', '100010', '0 0/1 * * * ? *', '1', '项目分红定时任务。参数为投资项目编号，必填', '2017-05-18 23:05:22');
INSERT INTO `schedule_job` VALUES ('5', 'InvestTask', 'allProject', null, '0 0/1 * * * ? *', '1', '所有投资项目分红任务 定时为每分钟执行一次', '2017-05-19 11:37:33');

-- ----------------------------
-- Table structure for schedule_job_log
-- ----------------------------
DROP TABLE IF EXISTS `schedule_job_log`;
CREATE TABLE `schedule_job_log` (
  `log_id` bigint(20) NOT NULL AUTO_INCREMENT COMMENT '任务日志id',
  `job_id` bigint(20) NOT NULL COMMENT '任务id',
  `bean_name` varchar(200) DEFAULT NULL COMMENT 'spring bean名称',
  `method_name` varchar(100) DEFAULT NULL COMMENT '方法名',
  `params` varchar(2000) DEFAULT NULL COMMENT '参数',
  `status` tinyint(4) NOT NULL COMMENT '任务状态    0：成功    1：失败',
  `error` varchar(2000) DEFAULT NULL COMMENT '失败信息',
  `times` int(11) NOT NULL COMMENT '耗时(单位：毫秒)',
  `create_time` datetime DEFAULT NULL COMMENT '创建时间',
  PRIMARY KEY (`log_id`),
  KEY `job_id` (`job_id`)
) ENGINE=InnoDB AUTO_INCREMENT=44 DEFAULT CHARSET=utf8 COMMENT='定时任务日志';

-- ----------------------------
-- Records of schedule_job_log
-- ----------------------------
INSERT INTO `schedule_job_log` VALUES ('1', '1', 'testTask', 'test', 'renren', '0', null, '1047', '2017-01-05 23:30:00');
INSERT INTO `schedule_job_log` VALUES ('2', '1', 'testTask', 'test', 'renren', '0', null, '1044', '2017-01-06 22:51:43');
INSERT INTO `schedule_job_log` VALUES ('3', '1', 'testTask', 'test', 'renren', '0', null, '1036', '2017-01-06 22:55:05');
INSERT INTO `schedule_job_log` VALUES ('4', '1', 'testTask', 'test', 'renren', '0', null, '1010', '2017-01-06 23:00:00');
INSERT INTO `schedule_job_log` VALUES ('5', '1', 'testTask', 'test', 'renren', '0', null, '1013', '2017-01-09 17:18:08');
INSERT INTO `schedule_job_log` VALUES ('6', '1', 'testTask', 'test', 'renren', '0', null, '1010', '2017-01-09 17:30:00');
INSERT INTO `schedule_job_log` VALUES ('7', '1', 'testTask', 'test', 'renren', '0', null, '1039', '2017-01-09 17:55:46');
INSERT INTO `schedule_job_log` VALUES ('8', '1', 'testTask', 'test', 'renren', '0', null, '1010', '2017-01-09 18:00:00');
INSERT INTO `schedule_job_log` VALUES ('9', '1', 'testTask', 'test', 'renren', '0', null, '1104', '2017-01-09 18:07:57');
INSERT INTO `schedule_job_log` VALUES ('10', '1', 'testTask', 'test', 'renren', '0', null, '1010', '2017-01-09 18:30:00');
INSERT INTO `schedule_job_log` VALUES ('11', '1', 'testTask', 'test', 'renren', '0', null, '1004', '2017-01-09 19:00:00');
INSERT INTO `schedule_job_log` VALUES ('12', '1', 'testTask', 'test', 'renren', '0', null, '1008', '2017-01-09 19:30:00');
INSERT INTO `schedule_job_log` VALUES ('13', '1', 'testTask', 'test', 'renren', '0', null, '1007', '2017-01-09 20:00:00');
INSERT INTO `schedule_job_log` VALUES ('14', '1', 'testTask', 'test', 'renren', '0', null, '1009', '2017-01-09 20:30:00');
INSERT INTO `schedule_job_log` VALUES ('15', '1', 'testTask', 'test', 'renren', '0', null, '1010', '2017-01-09 21:00:00');
INSERT INTO `schedule_job_log` VALUES ('16', '1', 'testTask', 'test', 'renren', '0', null, '1007', '2017-01-09 21:30:00');
INSERT INTO `schedule_job_log` VALUES ('17', '1', 'testTask', 'test', 'renren', '0', null, '1009', '2017-01-09 22:00:00');
INSERT INTO `schedule_job_log` VALUES ('18', '1', 'testTask', 'test', 'renren', '0', null, '1006', '2017-01-09 22:30:00');
INSERT INTO `schedule_job_log` VALUES ('19', '1', 'testTask', 'test', 'renren', '0', null, '1009', '2017-02-06 10:12:32');
INSERT INTO `schedule_job_log` VALUES ('20', '1', 'testTask', 'test', 'renren', '0', null, '1011', '2017-02-06 10:38:52');
INSERT INTO `schedule_job_log` VALUES ('21', '1', 'testTask', 'test', 'renren', '0', null, '1002', '2017-02-06 11:00:00');
INSERT INTO `schedule_job_log` VALUES ('22', '1', 'testTask', 'test', 'renren', '0', null, '1002', '2017-02-06 11:03:04');
INSERT INTO `schedule_job_log` VALUES ('23', '1', 'testTask', 'test', 'renren', '0', null, '1014', '2017-02-06 11:04:38');
INSERT INTO `schedule_job_log` VALUES ('24', '1', 'testTask', 'test', 'renren', '0', null, '1003', '2017-02-06 11:30:00');
INSERT INTO `schedule_job_log` VALUES ('25', '1', 'testTask', 'test', 'renren', '0', null, '1054', '2017-05-18 22:36:50');
INSERT INTO `schedule_job_log` VALUES ('26', '4', 'InvestTask', 'project', null, '1', 'org.springframework.beans.factory.NoSuchBeanDefinitionException: No bean named \'InvestTask\' is defined', '7', '2017-05-18 23:06:00');
INSERT INTO `schedule_job_log` VALUES ('27', '4', 'InvestTask', 'project', null, '1', 'org.springframework.beans.factory.NoSuchBeanDefinitionException: No bean named \'InvestTask\' is defined', '6', '2017-05-18 23:06:14');
INSERT INTO `schedule_job_log` VALUES ('28', '4', 'InvestTask', 'project', null, '1', 'org.springframework.beans.factory.NoSuchBeanDefinitionException: No bean named \'InvestTask\' is defined', '7', '2017-05-18 23:07:00');
INSERT INTO `schedule_job_log` VALUES ('29', '4', 'InvestTask', 'project', null, '1', 'org.springframework.beans.factory.NoSuchBeanDefinitionException: No bean named \'InvestTask\' is defined', '4', '2017-05-18 23:08:00');
INSERT INTO `schedule_job_log` VALUES ('30', '4', 'InvestTask', 'project', null, '1', 'org.springframework.beans.factory.NoSuchBeanDefinitionException: No bean named \'InvestTask\' is defined', '5', '2017-05-18 23:09:00');
INSERT INTO `schedule_job_log` VALUES ('31', '4', 'InvestTask', 'project', null, '1', 'org.springframework.beans.factory.NoSuchBeanDefinitionException: No bean named \'InvestTask\' is defined', '2', '2017-05-18 23:09:14');
INSERT INTO `schedule_job_log` VALUES ('32', '4', 'InvestTask', 'project', null, '1', 'org.springframework.beans.factory.NoSuchBeanDefinitionException: No bean named \'InvestTask\' is defined', '5', '2017-05-18 23:11:14');
INSERT INTO `schedule_job_log` VALUES ('33', '4', 'InvestTask', 'project', null, '1', 'org.springframework.beans.factory.NoSuchBeanDefinitionException: No bean named \'InvestTask\' is defined', '1', '2017-05-18 23:11:14');
INSERT INTO `schedule_job_log` VALUES ('34', '4', 'InvestTask', 'project', null, '1', 'org.springframework.beans.factory.NoSuchBeanDefinitionException: No bean named \'InvestTask\' is defined', '2', '2017-05-18 23:12:00');
INSERT INTO `schedule_job_log` VALUES ('35', '4', 'InvestTask', 'project', null, '1', 'java.lang.NoSuchMethodException: io.renren.task.InvestTask.project()', '15', '2017-05-18 23:14:13');
INSERT INTO `schedule_job_log` VALUES ('36', '4', 'InvestTask', 'project', null, '1', 'java.lang.NoSuchMethodException: io.renren.task.InvestTask.project()', '3', '2017-05-18 23:14:13');
INSERT INTO `schedule_job_log` VALUES ('37', '4', 'InvestTask', 'project', null, '1', 'java.lang.NoSuchMethodException: io.renren.task.InvestTask.project()', '1', '2017-05-18 23:14:13');
INSERT INTO `schedule_job_log` VALUES ('38', '4', 'InvestTask', 'project', '100010', '0', null, '28', '2017-05-18 23:15:01');
INSERT INTO `schedule_job_log` VALUES ('39', '4', 'InvestTask', 'project', '100010', '0', null, '16', '2017-05-19 11:20:55');
INSERT INTO `schedule_job_log` VALUES ('40', '4', 'InvestTask', 'project', '100010', '0', null, '13', '2017-05-19 11:29:57');
INSERT INTO `schedule_job_log` VALUES ('41', '5', 'InvestTask', 'allProject', null, '0', null, '33', '2017-05-19 11:38:57');
INSERT INTO `schedule_job_log` VALUES ('42', '5', 'InvestTask', 'allProject', null, '0', null, '47', '2017-05-19 11:41:32');
INSERT INTO `schedule_job_log` VALUES ('43', '5', 'InvestTask', 'allProject', null, '0', null, '43', '2017-05-19 11:42:16');

-- ----------------------------
-- Table structure for sys_config
-- ----------------------------
DROP TABLE IF EXISTS `sys_config`;
CREATE TABLE `sys_config` (
  `id` bigint(20) NOT NULL AUTO_INCREMENT,
  `key` varchar(50) DEFAULT NULL COMMENT 'key',
  `value` varchar(2000) DEFAULT NULL COMMENT 'value',
  `status` tinyint(4) DEFAULT '1' COMMENT '状态   0：隐藏   1：显示',
  `remark` varchar(500) DEFAULT NULL COMMENT '备注',
  PRIMARY KEY (`id`),
  UNIQUE KEY `key` (`key`)
) ENGINE=InnoDB DEFAULT CHARSET=utf8 COMMENT='系统配置信息表';

-- ----------------------------
-- Records of sys_config
-- ----------------------------

-- ----------------------------
-- Table structure for sys_menu
-- ----------------------------
DROP TABLE IF EXISTS `sys_menu`;
CREATE TABLE `sys_menu` (
  `menu_id` bigint(20) NOT NULL AUTO_INCREMENT,
  `parent_id` bigint(20) DEFAULT NULL COMMENT '父菜单ID，一级菜单为0',
  `name` varchar(50) DEFAULT NULL COMMENT '菜单名称',
  `url` varchar(200) DEFAULT NULL COMMENT '菜单URL',
  `perms` varchar(500) DEFAULT NULL COMMENT '授权(多个用逗号分隔，如：user:list,user:create)',
  `type` int(11) DEFAULT NULL COMMENT '类型   0：目录   1：菜单   2：按钮',
  `icon` varchar(50) DEFAULT NULL COMMENT '菜单图标',
  `order_num` int(11) DEFAULT NULL COMMENT '排序',
  PRIMARY KEY (`menu_id`)
) ENGINE=InnoDB AUTO_INCREMENT=80 DEFAULT CHARSET=utf8 COMMENT='菜单管理';

-- ----------------------------
-- Records of sys_menu
-- ----------------------------
INSERT INTO `sys_menu` VALUES ('1', '0', '系统管理', null, null, '0', 'fa fa-cog', '5');
INSERT INTO `sys_menu` VALUES ('2', '1', '用户列表', 'sys/user.html', null, '1', 'fa fa-user', '1');
INSERT INTO `sys_menu` VALUES ('3', '1', '角色管理', 'sys/role.html', null, '1', 'fa fa-user-secret', '2');
INSERT INTO `sys_menu` VALUES ('4', '1', '菜单管理', 'sys/menu.html', null, '1', 'fa fa-th-list', '3');
INSERT INTO `sys_menu` VALUES ('5', '1', 'SQL监控', 'druid/sql.html', null, '1', 'fa fa-bug', '4');
INSERT INTO `sys_menu` VALUES ('6', '1', '定时任务', 'sys/schedule.html', null, '1', 'fa fa-tasks', '5');
INSERT INTO `sys_menu` VALUES ('7', '6', '查看', null, 'sys:schedule:list,sys:schedule:info', '2', null, '0');
INSERT INTO `sys_menu` VALUES ('8', '6', '新增', null, 'sys:schedule:save', '2', null, '0');
INSERT INTO `sys_menu` VALUES ('9', '6', '修改', null, 'sys:schedule:update', '2', null, '0');
INSERT INTO `sys_menu` VALUES ('10', '6', '删除', null, 'sys:schedule:delete', '2', null, '0');
INSERT INTO `sys_menu` VALUES ('11', '6', '暂停', null, 'sys:schedule:pause', '2', null, '0');
INSERT INTO `sys_menu` VALUES ('12', '6', '恢复', null, 'sys:schedule:resume', '2', null, '0');
INSERT INTO `sys_menu` VALUES ('13', '6', '立即执行', null, 'sys:schedule:run', '2', null, '0');
INSERT INTO `sys_menu` VALUES ('14', '6', '日志列表', null, 'sys:schedule:log', '2', null, '0');
INSERT INTO `sys_menu` VALUES ('15', '2', '查看', null, 'sys:user:list,sys:user:info', '2', null, '0');
INSERT INTO `sys_menu` VALUES ('16', '2', '新增', null, 'sys:user:save,sys:role:select', '2', null, '0');
INSERT INTO `sys_menu` VALUES ('17', '2', '修改', null, 'sys:user:update,sys:role:select', '2', null, '0');
INSERT INTO `sys_menu` VALUES ('18', '2', '删除', null, 'sys:user:delete', '2', null, '0');
INSERT INTO `sys_menu` VALUES ('19', '3', '查看', null, 'sys:role:list,sys:role:info', '2', null, '0');
INSERT INTO `sys_menu` VALUES ('20', '3', '新增', null, 'sys:role:save,sys:menu:perms', '2', null, '0');
INSERT INTO `sys_menu` VALUES ('21', '3', '修改', null, 'sys:role:update,sys:menu:perms', '2', null, '0');
INSERT INTO `sys_menu` VALUES ('22', '3', '删除', null, 'sys:role:delete', '2', null, '0');
INSERT INTO `sys_menu` VALUES ('23', '4', '查看', null, 'sys:menu:list,sys:menu:info', '2', null, '0');
INSERT INTO `sys_menu` VALUES ('24', '4', '新增', null, 'sys:menu:save,sys:menu:select', '2', null, '0');
INSERT INTO `sys_menu` VALUES ('25', '4', '修改', null, 'sys:menu:update,sys:menu:select', '2', null, '0');
INSERT INTO `sys_menu` VALUES ('26', '4', '删除', null, 'sys:menu:delete', '2', null, '0');
INSERT INTO `sys_menu` VALUES ('27', '1', '参数管理', 'sys/config.html', 'sys:config:list,sys:config:info,sys:config:save,sys:config:update,sys:config:delete', '1', 'fa fa-sun-o', '6');
INSERT INTO `sys_menu` VALUES ('28', '1', '代码生成器', 'sys/generator.html', 'sys:generator:list,sys:generator:code', '1', 'fa fa-rocket', '7');
INSERT INTO `sys_menu` VALUES ('49', '0', '家庭成员管理', null, null, '0', 'fa fa-user-circle', '0');
INSERT INTO `sys_menu` VALUES ('51', '0', '日常收支管理', 'outmoneysys/outmoneysys.html', 'outmoneysys:list', '0', 'fa fa-area-chart', '0');
INSERT INTO `sys_menu` VALUES ('54', '0', '投资管理', '', 'choosesys:list', '0', 'fa fa-balance-scale', '0');
INSERT INTO `sys_menu` VALUES ('55', '0', '个人理财分析', null, null, '0', 'fa fa-user-secret', '0');
INSERT INTO `sys_menu` VALUES ('58', '51', '支出项目管理', 'inmoneysys/inmoneysys.html', 'inmoneysys:info', '1', null, '0');
INSERT INTO `sys_menu` VALUES ('64', '0', '投资项目管理', '', 'project:list', '0', 'fa fa-bandcamp', '0');
INSERT INTO `sys_menu` VALUES ('65', '49', '家庭成员列表', 'person/person.html', null, '1', 'fa fa-child', '0');
INSERT INTO `sys_menu` VALUES ('66', '51', '家庭成员收支列表', 'inmoneysys/lookmoney.html', null, '1', 'fa fa-calendar-plus-o', '0');
INSERT INTO `sys_menu` VALUES ('67', '0', '家庭理财分析', null, null, '0', 'fa fa-calculator', '0');
INSERT INTO `sys_menu` VALUES ('68', '67', '家庭财产列表', 'mymoney/famliy.html', null, '1', 'fa fa-database', '0');
INSERT INTO `sys_menu` VALUES ('69', '55', '我的资产', 'mymoney/mymoney.html', null, '1', 'fa fa-jpy', '0');
INSERT INTO `sys_menu` VALUES ('70', '54', '投资项目管理', 'choosesys/Mychoosesys.html', null, '1', null, '0');
INSERT INTO `sys_menu` VALUES ('71', '64', '投资项目管理', 'project/project.html', null, '1', null, '0');
INSERT INTO `sys_menu` VALUES ('73', '54', '家庭成员投资列表', 'choosesys/choosesys.html', null, '1', null, '0');
INSERT INTO `sys_menu` VALUES ('74', '0', '银行账户管理', null, null, '0', 'fa fa-newspaper-o', '0');
INSERT INTO `sys_menu` VALUES ('75', '74', '我的银行账户', 'accountsys/accountsys.html', null, '1', null, '0');
INSERT INTO `sys_menu` VALUES ('76', '74', '家庭成员银行账户列表', 'accountsys/adminAccountsys.html', null, '1', null, '0');
INSERT INTO `sys_menu` VALUES ('77', '0', '借贷管理', null, null, '0', 'fa fa-diamond', '0');
INSERT INTO `sys_menu` VALUES ('78', '77', '借贷记录', 'outmoneysys/outmoneysys.html', null, '1', null, '0');
INSERT INTO `sys_menu` VALUES ('79', '77', '家庭借贷列表', 'outmoneysys/adminoutmoneysys.html', null, '1', null, '0');

-- ----------------------------
-- Table structure for sys_role
-- ----------------------------
DROP TABLE IF EXISTS `sys_role`;
CREATE TABLE `sys_role` (
  `role_id` bigint(20) NOT NULL AUTO_INCREMENT,
  `role_name` varchar(100) DEFAULT NULL COMMENT '角色名称',
  `remark` varchar(100) DEFAULT NULL COMMENT '备注',
  `create_time` datetime DEFAULT NULL COMMENT '创建时间',
  PRIMARY KEY (`role_id`)
) ENGINE=InnoDB AUTO_INCREMENT=7 DEFAULT CHARSET=utf8 COMMENT='角色';

-- ----------------------------
-- Records of sys_role
-- ----------------------------
INSERT INTO `sys_role` VALUES ('2', '管理员', '超级管理员', '2017-01-06 22:59:53');
INSERT INTO `sys_role` VALUES ('5', '普通用户', '普通', '2017-04-29 13:56:36');
INSERT INTO `sys_role` VALUES ('6', '普通管理员', '普通管理员', '2017-05-01 12:30:20');

-- ----------------------------
-- Table structure for sys_role_menu
-- ----------------------------
DROP TABLE IF EXISTS `sys_role_menu`;
CREATE TABLE `sys_role_menu` (
  `id` bigint(20) NOT NULL AUTO_INCREMENT,
  `role_id` bigint(20) DEFAULT NULL COMMENT '角色ID',
  `menu_id` bigint(20) DEFAULT NULL COMMENT '菜单ID',
  PRIMARY KEY (`id`)
) ENGINE=InnoDB AUTO_INCREMENT=559 DEFAULT CHARSET=utf8 COMMENT='角色与菜单对应关系';

-- ----------------------------
-- Records of sys_role_menu
-- ----------------------------
INSERT INTO `sys_role_menu` VALUES ('471', '2', '1');
INSERT INTO `sys_role_menu` VALUES ('472', '2', '2');
INSERT INTO `sys_role_menu` VALUES ('473', '2', '15');
INSERT INTO `sys_role_menu` VALUES ('474', '2', '16');
INSERT INTO `sys_role_menu` VALUES ('475', '2', '17');
INSERT INTO `sys_role_menu` VALUES ('476', '2', '18');
INSERT INTO `sys_role_menu` VALUES ('477', '2', '3');
INSERT INTO `sys_role_menu` VALUES ('478', '2', '19');
INSERT INTO `sys_role_menu` VALUES ('479', '2', '20');
INSERT INTO `sys_role_menu` VALUES ('480', '2', '21');
INSERT INTO `sys_role_menu` VALUES ('481', '2', '22');
INSERT INTO `sys_role_menu` VALUES ('482', '2', '4');
INSERT INTO `sys_role_menu` VALUES ('483', '2', '23');
INSERT INTO `sys_role_menu` VALUES ('484', '2', '24');
INSERT INTO `sys_role_menu` VALUES ('485', '2', '25');
INSERT INTO `sys_role_menu` VALUES ('486', '2', '26');
INSERT INTO `sys_role_menu` VALUES ('487', '2', '5');
INSERT INTO `sys_role_menu` VALUES ('488', '2', '6');
INSERT INTO `sys_role_menu` VALUES ('489', '2', '7');
INSERT INTO `sys_role_menu` VALUES ('490', '2', '8');
INSERT INTO `sys_role_menu` VALUES ('491', '2', '9');
INSERT INTO `sys_role_menu` VALUES ('492', '2', '10');
INSERT INTO `sys_role_menu` VALUES ('493', '2', '11');
INSERT INTO `sys_role_menu` VALUES ('494', '2', '12');
INSERT INTO `sys_role_menu` VALUES ('495', '2', '13');
INSERT INTO `sys_role_menu` VALUES ('496', '2', '14');
INSERT INTO `sys_role_menu` VALUES ('497', '2', '27');
INSERT INTO `sys_role_menu` VALUES ('498', '2', '28');
INSERT INTO `sys_role_menu` VALUES ('535', '5', '51');
INSERT INTO `sys_role_menu` VALUES ('536', '5', '58');
INSERT INTO `sys_role_menu` VALUES ('537', '5', '54');
INSERT INTO `sys_role_menu` VALUES ('538', '5', '70');
INSERT INTO `sys_role_menu` VALUES ('539', '5', '55');
INSERT INTO `sys_role_menu` VALUES ('540', '5', '69');
INSERT INTO `sys_role_menu` VALUES ('541', '5', '74');
INSERT INTO `sys_role_menu` VALUES ('542', '5', '75');
INSERT INTO `sys_role_menu` VALUES ('543', '5', '77');
INSERT INTO `sys_role_menu` VALUES ('544', '5', '78');
INSERT INTO `sys_role_menu` VALUES ('545', '6', '49');
INSERT INTO `sys_role_menu` VALUES ('546', '6', '65');
INSERT INTO `sys_role_menu` VALUES ('547', '6', '51');
INSERT INTO `sys_role_menu` VALUES ('548', '6', '66');
INSERT INTO `sys_role_menu` VALUES ('549', '6', '54');
INSERT INTO `sys_role_menu` VALUES ('550', '6', '73');
INSERT INTO `sys_role_menu` VALUES ('551', '6', '64');
INSERT INTO `sys_role_menu` VALUES ('552', '6', '71');
INSERT INTO `sys_role_menu` VALUES ('553', '6', '67');
INSERT INTO `sys_role_menu` VALUES ('554', '6', '68');
INSERT INTO `sys_role_menu` VALUES ('555', '6', '74');
INSERT INTO `sys_role_menu` VALUES ('556', '6', '76');
INSERT INTO `sys_role_menu` VALUES ('557', '6', '77');
INSERT INTO `sys_role_menu` VALUES ('558', '6', '79');

-- ----------------------------
-- Table structure for sys_user
-- ----------------------------
DROP TABLE IF EXISTS `sys_user`;
CREATE TABLE `sys_user` (
  `user_id` bigint(20) NOT NULL AUTO_INCREMENT,
  `username` varchar(50) NOT NULL COMMENT '用户名',
  `password` varchar(100) DEFAULT NULL COMMENT '密码',
  `email` varchar(100) DEFAULT NULL COMMENT '邮箱',
  `mobile` varchar(100) DEFAULT NULL COMMENT '手机号',
  `status` tinyint(4) DEFAULT NULL COMMENT '状态  0：禁用   1：正常',
  `create_time` datetime DEFAULT NULL COMMENT '创建时间',
  PRIMARY KEY (`user_id`),
  UNIQUE KEY `username` (`username`)
) ENGINE=InnoDB AUTO_INCREMENT=10 DEFAULT CHARSET=utf8 COMMENT='系统用户';

-- ----------------------------
-- Records of sys_user
-- ----------------------------
INSERT INTO `sys_user` VALUES ('1', 'superadmin', '8c6976e5b5410415bde908bd4dee15dfb167a9c873fc4bb8a81f6f2ab448a918', 'root@renren.io', '13612345678', '1', '2016-11-11 11:11:11');
INSERT INTO `sys_user` VALUES ('3', 'test001', '8d969eef6ecad3c29a3a629280e686cf0c3f5d5a86aff3ca12020c923adc6c92', '123@126.com', '123456789', '1', '2017-01-06 23:09:20');
INSERT INTO `sys_user` VALUES ('7', 'admin', '8c6976e5b5410415bde908bd4dee15dfb167a9c873fc4bb8a81f6f2ab448a918', 'admin@qq.com', '123456789', '1', '2017-05-01 12:32:14');
INSERT INTO `sys_user` VALUES ('8', 'asd', '8d969eef6ecad3c29a3a629280e686cf0c3f5d5a86aff3ca12020c923adc6c92', null, null, '1', '2017-05-10 10:41:28');
INSERT INTO `sys_user` VALUES ('9', 'demo', '8d969eef6ecad3c29a3a629280e686cf0c3f5d5a86aff3ca12020c923adc6c92', null, null, '1', '2017-05-18 21:43:27');

-- ----------------------------
-- Table structure for sys_user_role
-- ----------------------------
DROP TABLE IF EXISTS `sys_user_role`;
CREATE TABLE `sys_user_role` (
  `id` bigint(20) NOT NULL AUTO_INCREMENT,
  `user_id` bigint(20) DEFAULT NULL COMMENT '用户ID',
  `role_id` bigint(20) DEFAULT NULL COMMENT '角色ID',
  PRIMARY KEY (`id`)
) ENGINE=InnoDB AUTO_INCREMENT=16 DEFAULT CHARSET=utf8 COMMENT='用户与角色对应关系';

-- ----------------------------
-- Records of sys_user_role
-- ----------------------------
INSERT INTO `sys_user_role` VALUES ('6', '7', '6');
INSERT INTO `sys_user_role` VALUES ('11', '8', '5');
INSERT INTO `sys_user_role` VALUES ('13', '10', '5');
INSERT INTO `sys_user_role` VALUES ('14', '11', '5');
INSERT INTO `sys_user_role` VALUES ('15', '9', '5');
